measure_id,measure_name,location_id,location_name,sex_id,sex_name,age_id,age_name,cause_id,cause_name,metric_id,metric_name,year,val,upper,lower
1,Deaths,34,Azerbaijan,3,Both,22,All ages,491,Cardiovascular diseases,1,Number,2021,35718.392746596895,39941.6604326363,31517.991295065753
1,Deaths,83,Iceland,3,Both,22,All ages,491,Cardiovascular diseases,1,Number,2021,701.2358543820515,780.0573281290414,579.1613104435189
1,Deaths,67,Japan,3,Both,22,All ages,491,Cardiovascular diseases,1,Number,2021,371843.522641075,416690.8914144129,291597.29490261694
1,Deaths,99,Uruguay,3,Both,22,All ages,491,Cardiovascular diseases,1,Number,2021,9939.800579058765,10549.56390437886,8935.525581444206
1,Deaths,18,Thailand,3,Both,22,All ages,491,Cardiovascular diseases,1,Number,2021,136749.76576657858,168786.59690435542,107467.78097670215
1,Deaths,20,Viet Nam,3,Both,22,All ages,491,Cardiovascular diseases,1,Number,2021,261073.7921105882,298643.04160339263,215103.64275321577
1,Deaths,68,Republic of Korea,3,Both,22,All ages,491,Cardiovascular diseases,1,Number,2021,77273.76043025576,86548.39536375787,63349.42843608282
1,Deaths,52,Romania,3,Both,22,All ages,491,Cardiovascular diseases,1,Number,2021,145993.76040683687,159754.71092613725,131447.0675034018
1,Deaths,181,Madagascar,3,Both,22,All ages,491,Cardiovascular diseases,1,Number,2021,37613.032003083594,47345.661407149404,28889.352357368276
1,Deaths,116,Saint Lucia,3,Both,22,All ages,491,Cardiovascular diseases,1,Number,2021,474.2779571379008,551.7351606347222,396.6295695395676
1,Deaths,215,Sao Tome and Principe,3,Both,22,All ages,491,Cardiovascular diseases,1,Number,2021,271.7112364802387,314.43115009892796,236.4919079019837
1,Deaths,133,Venezuela (Bolivarian Republic of),3,Both,22,All ages,491,Cardiovascular diseases,1,Number,2021,65986.32615207674,82479.42018399066,51388.35415879672
1,Deaths,200,Benin,3,Both,22,All ages,491,Cardiovascular diseases,1,Number,2021,11861.471417375682,14131.115836763414,9948.906430560372
1,Deaths,36,Kazakhstan,3,Both,22,All ages,491,Cardiovascular diseases,1,Number,2021,65089.45533381808,71343.90932065784,58948.03472026248
1,Deaths,35,Georgia,3,Both,22,All ages,491,Cardiovascular diseases,1,Number,2021,22781.743725793625,24960.404639059314,20321.285997084586
1,Deaths,53,Serbia,3,Both,22,All ages,491,Cardiovascular diseases,1,Number,2021,68857.26169562,77844.86569911803,60293.10174070488
1,Deaths,54,Slovakia,3,Both,22,All ages,491,Cardiovascular diseases,1,Number,2021,27050.540089454786,29937.808385793123,23815.43548911576
1,Deaths,51,Poland,3,Both,22,All ages,491,Cardiovascular diseases,1,Number,2021,168838.1651824116,183461.23306973634,149505.15427118522
1,Deaths,132,Panama,3,Both,22,All ages,491,Cardiovascular diseases,1,Number,2021,5596.765451505527,6652.078906980279,4447.499226133689
1,Deaths,351,Guam,3,Both,22,All ages,491,Cardiovascular diseases,1,Number,2021,394.5592043230956,436.83410208540516,349.6974212735128
1,Deaths,149,Palestine,3,Both,22,All ages,491,Cardiovascular diseases,1,Number,2021,6459.98010088633,7278.480457107573,5637.9535546057
1,Deaths,151,Qatar,3,Both,22,All ages,491,Cardiovascular diseases,1,Number,2021,1047.9623204271234,1318.485494662974,818.5707149252328
1,Deaths,117,Saint Vincent and the Grenadines,3,Both,22,All ages,491,Cardiovascular diseases,1,Number,2021,350.82737678841244,389.1562036372135,315.23855780009166
1,Deaths,201,Burkina Faso,3,Both,22,All ages,491,Cardiovascular diseases,1,Number,2021,22372.769292963338,26763.762808308977,18558.687060324028
1,Deaths,101,Canada,3,Both,22,All ages,491,Cardiovascular diseases,1,Number,2021,75606.7286291034,81311.95297744132,65062.7350076146
1,Deaths,182,Malawi,3,Both,22,All ages,491,Cardiovascular diseases,1,Number,2021,18369.295655148122,21658.087851699445,15638.987882095387
1,Deaths,69,Singapore,3,Both,22,All ages,491,Cardiovascular diseases,1,Number,2021,6290.019769839016,6731.229143830421,5608.406264569807
1,Deaths,87,Luxembourg,3,Both,22,All ages,491,Cardiovascular diseases,1,Number,2021,1274.423616235862,1404.9365474589642,1106.3415527098375
1,Deaths,349,Greenland,3,Both,22,All ages,491,Cardiovascular diseases,1,Number,2021,100.49054977294257,118.18841256065492,87.88213624287073
1,Deaths,198,Zimbabwe,3,Both,22,All ages,491,Cardiovascular diseases,1,Number,2021,20249.760777128446,24469.19622172873,16395.48874626766
1,Deaths,185,Rwanda,3,Both,22,All ages,491,Cardiovascular diseases,1,Number,2021,12385.63690031619,15723.042627679071,9723.238701905106
1,Deaths,152,Saudi Arabia,3,Both,22,All ages,491,Cardiovascular diseases,1,Number,2021,54783.51262388823,65591.73170987752,45077.09643135072
1,Deaths,165,Pakistan,3,Both,22,All ages,491,Cardiovascular diseases,1,Number,2021,358744.54437732336,435168.8265865589,303378.42084198573
1,Deaths,186,Seychelles,3,Both,22,All ages,491,Cardiovascular diseases,1,Number,2021,241.89661612215664,266.2243672840814,218.85066711615863
1,Deaths,84,Ireland,3,Both,22,All ages,491,Cardiovascular diseases,1,Number,2021,8291.51923300867,9036.474550683495,6999.649528944863
1,Deaths,57,Belarus,3,Both,22,All ages,491,Cardiovascular diseases,1,Number,2021,76017.73635271344,88395.72379406934,64360.19926917715
1,Deaths,118,Suriname,3,Both,22,All ages,491,Cardiovascular diseases,1,Number,2021,1338.2866487057656,1635.8467256580902,1048.4196527912272
1,Deaths,168,Angola,3,Both,22,All ages,491,Cardiovascular diseases,1,Number,2021,31823.729561348773,39624.48589309292,24554.923286464742
1,Deaths,37,Kyrgyzstan,3,Both,22,All ages,491,Cardiovascular diseases,1,Number,2021,15676.438608465509,18012.522405884367,13272.984668224997
1,Deaths,40,Turkmenistan,3,Both,22,All ages,491,Cardiovascular diseases,1,Number,2021,18840.44607740796,23201.447335882076,15274.800574278635
1,Deaths,374,Niue,3,Both,22,All ages,491,Cardiovascular diseases,1,Number,2021,8.737577396549147,9.979485954376182,7.3950193196055976
1,Deaths,216,Senegal,3,Both,22,All ages,491,Cardiovascular diseases,1,Number,2021,21853.3037059721,26987.06700900169,17522.2248872763
1,Deaths,106,Bahamas,3,Both,22,All ages,491,Cardiovascular diseases,1,Number,2021,833.5282224233425,1019.1508158566846,689.8810858134246
1,Deaths,72,New Zealand,3,Both,22,All ages,491,Cardiovascular diseases,1,Number,2021,10986.41834044215,11827.189547363934,9370.63903897537
1,Deaths,39,Tajikistan,3,Both,22,All ages,491,Cardiovascular diseases,1,Number,2021,17362.63251531144,19707.052827129573,14899.41428622227
1,Deaths,102,United States of America,3,Both,22,All ages,491,Cardiovascular diseases,1,Number,2021,905542.3173889194,969162.2808586231,782761.3081932263
1,Deaths,135,Brazil,3,Both,22,All ages,491,Cardiovascular diseases,1,Number,2021,374715.94702048396,394255.6351400994,339536.32317568763
1,Deaths,25,Micronesia (Federated States of),3,Both,22,All ages,491,Cardiovascular diseases,1,Number,2021,331.47838581466493,420.8656073639626,263.5802404244103
1,Deaths,6,China,3,Both,22,All ages,491,Cardiovascular diseases,1,Number,2021,5084894.835523456,5958905.791919965,4306019.824509318
1,Deaths,153,Syrian Arab Republic,3,Both,22,All ages,491,Cardiovascular diseases,1,Number,2021,51843.49048210427,66223.54502933138,40625.05049470387
1,Deaths,205,Côte d'Ivoire,3,Both,22,All ages,491,Cardiovascular diseases,1,Number,2021,29109.49650153851,37347.653301212296,23146.693895863842
1,Deaths,320,Cook Islands,3,Both,22,All ages,491,Cardiovascular diseases,1,Number,2021,59.85922929711245,69.41733762117273,51.13858638793248
1,Deaths,171,Democratic Republic of the Congo,3,Both,22,All ages,491,Cardiovascular diseases,1,Number,2021,97217.32521660833,121943.76641650492,75577.98258215401
1,Deaths,58,Estonia,3,Both,22,All ages,491,Cardiovascular diseases,1,Number,2021,7250.990827868275,8042.8558459775,6220.798797727811
1,Deaths,435,South Sudan,3,Both,22,All ages,491,Cardiovascular diseases,1,Number,2021,8697.031036280472,11419.619991434387,6434.554825314649
1,Deaths,119,Trinidad and Tobago,3,Both,22,All ages,491,Cardiovascular diseases,1,Number,2021,4020.347466089276,5023.454251188541,3166.856941731479
1,Deaths,136,Paraguay,3,Both,22,All ages,491,Cardiovascular diseases,1,Number,2021,10604.95429120206,13140.249480579674,8512.90023097302
1,Deaths,22,Fiji,3,Both,22,All ages,491,Cardiovascular diseases,1,Number,2021,2815.5988096081132,3496.5234990834256,2198.1914802637366
1,Deaths,202,Cameroon,3,Both,22,All ages,491,Cardiovascular diseases,1,Number,2021,32531.458717734433,42622.504520331204,25118.332881927625
1,Deaths,218,Togo,3,Both,22,All ages,491,Cardiovascular diseases,1,Number,2021,10525.039969470996,13244.911884215917,8087.1918617405945
1,Deaths,23,Kiribati,3,Both,22,All ages,491,Cardiovascular diseases,1,Number,2021,274.8084587992275,342.0167342589527,225.79368926039842
1,Deaths,156,United Arab Emirates,3,Both,22,All ages,491,Cardiovascular diseases,1,Number,2021,5122.619479231929,6211.187994477078,4107.933628425996
1,Deaths,77,Cyprus,3,Both,22,All ages,491,Cardiovascular diseases,1,Number,2021,3038.162559567847,3420.9030891602984,2624.3895107717044
1,Deaths,7,Democratic People's Republic of Korea,3,Both,22,All ages,491,Cardiovascular diseases,1,Number,2021,106567.54544911277,127980.33731153043,87721.18647815773
1,Deaths,105,Antigua and Barbuda,3,Both,22,All ages,491,Cardiovascular diseases,1,Number,2021,202.94117737225338,212.54387610607188,192.48333524791
1,Deaths,191,Zambia,3,Both,22,All ages,491,Cardiovascular diseases,1,Number,2021,19338.62868850179,24055.162906527545,14603.366692606087
1,Deaths,217,Sierra Leone,3,Both,22,All ages,491,Cardiovascular diseases,1,Number,2021,11277.046299019365,13983.477722602227,8905.275116771702
1,Deaths,19,Timor-Leste,3,Both,22,All ages,491,Cardiovascular diseases,1,Number,2021,2781.6091018855896,3382.4426526334537,2235.622413723772
1,Deaths,154,Tunisia,3,Both,22,All ages,491,Cardiovascular diseases,1,Number,2021,34996.92644767867,44753.610519894144,27112.831997811085
1,Deaths,43,Albania,3,Both,22,All ages,491,Cardiovascular diseases,1,Number,2021,14049.757725158837,16082.960566613769,12064.26008797706
1,Deaths,78,Denmark,3,Both,22,All ages,491,Cardiovascular diseases,1,Number,2021,12976.448507065032,13953.279535615497,11142.896841166517
1,Deaths,86,Italy,3,Both,22,All ages,491,Cardiovascular diseases,1,Number,2021,216230.90268222932,238470.34451124194,173597.63951934353
1,Deaths,76,Belgium,3,Both,22,All ages,491,Cardiovascular diseases,1,Number,2021,26397.03235948614,28883.330975994275,21927.15087914183
1,Deaths,45,Bulgaria,3,Both,22,All ages,491,Cardiovascular diseases,1,Number,2021,75607.59406057518,84193.8717574922,66944.88272220537
1,Deaths,121,Bolivia (Plurinational State of),3,Both,22,All ages,491,Cardiovascular diseases,1,Number,2021,14170.690377441715,19010.02972901995,10895.906626478316
1,Deaths,150,Oman,3,Both,22,All ages,491,Cardiovascular diseases,1,Number,2021,4617.5606742065265,5492.935884722176,3833.6626254462703
1,Deaths,187,Somalia,3,Both,22,All ages,491,Cardiovascular diseases,1,Number,2021,14652.451854420031,19227.00489266502,10668.92037572918
1,Deaths,55,Slovenia,3,Both,22,All ages,491,Cardiovascular diseases,1,Number,2021,7243.759949269439,8124.04546321391,6136.010230413496
1,Deaths,396,San Marino,3,Both,22,All ages,491,Cardiovascular diseases,1,Number,2021,70.27126692080317,93.20320557700721,49.42448359512022
1,Deaths,184,Mozambique,3,Both,22,All ages,491,Cardiovascular diseases,1,Number,2021,33665.15176823014,41243.378304207865,25855.557921661002
1,Deaths,29,Tonga,3,Both,22,All ages,491,Cardiovascular diseases,1,Number,2021,187.49397979317445,225.08972520431215,154.85873665669794
1,Deaths,369,Nauru,3,Both,22,All ages,491,Cardiovascular diseases,1,Number,2021,38.84448508094032,48.07038949903408,31.279992702104146
1,Deaths,8,Taiwan (Province of China),3,Both,22,All ages,491,Cardiovascular diseases,1,Number,2021,39140.83863110364,42269.856892825715,34342.63645784129
1,Deaths,88,Malta,3,Both,22,All ages,491,Cardiovascular diseases,1,Number,2021,1306.5250462449878,1450.6466607539226,1104.7301770219608
1,Deaths,110,Dominica,3,Both,22,All ages,491,Cardiovascular diseases,1,Number,2021,212.2505044592949,244.99494803999337,189.81192507748244
1,Deaths,170,Congo,3,Both,22,All ages,491,Cardiovascular diseases,1,Number,2021,8364.274768895124,10239.436316085275,6680.38905601094
1,Deaths,26,Papua New Guinea,3,Both,22,All ages,491,Cardiovascular diseases,1,Number,2021,15881.644779784647,19889.497784758205,12400.82681547759
1,Deaths,376,Northern Mariana Islands,3,Both,22,All ages,491,Cardiovascular diseases,1,Number,2021,117.55469456244856,124.54615238236359,103.62516052397741
1,Deaths,204,Chad,3,Both,22,All ages,491,Cardiovascular diseases,1,Number,2021,16590.836065106712,20685.820044337466,13046.743538254048
1,Deaths,298,American Samoa,3,Both,22,All ages,491,Cardiovascular diseases,1,Number,2021,139.27047338433243,161.33268074569997,121.55679234952134
1,Deaths,183,Mauritius,3,Both,22,All ages,491,Cardiovascular diseases,1,Number,2021,3553.5447583759437,3690.828884863414,3267.3393188895143
1,Deaths,108,Belize,3,Both,22,All ages,491,Cardiovascular diseases,1,Number,2021,450.27497061027975,498.96992775456624,399.3857499291478
1,Deaths,203,Cabo Verde,3,Both,22,All ages,491,Cardiovascular diseases,1,Number,2021,1139.0249366609166,1324.6661195875322,951.3805493341946
1,Deaths,61,Republic of Moldova,3,Both,22,All ages,491,Cardiovascular diseases,1,Number,2021,21916.40587909316,23917.570116636416,19836.224761783757
1,Deaths,210,Liberia,3,Both,22,All ages,491,Cardiovascular diseases,1,Number,2021,5789.468820196875,7396.117466601498,4580.371729172814
1,Deaths,85,Israel,3,Both,22,All ages,491,Cardiovascular diseases,1,Number,2021,10551.70112921985,11478.381151502917,8856.012993812294
1,Deaths,196,South Africa,3,Both,22,All ages,491,Cardiovascular diseases,1,Number,2021,98583.86212117782,104762.3826631717,92395.1456639856
1,Deaths,44,Bosnia and Herzegovina,3,Both,22,All ages,491,Cardiovascular diseases,1,Number,2021,18762.595647752645,21583.717675159798,15581.925285656082
1,Deaths,62,Russian Federation,3,Both,22,All ages,491,Cardiovascular diseases,1,Number,2021,939155.4755568192,1006478.1812847538,862416.8105815599
1,Deaths,71,Australia,3,Both,22,All ages,491,Cardiovascular diseases,1,Number,2021,47247.03717561562,51106.342357208625,39818.48299441633
1,Deaths,122,Ecuador,3,Both,22,All ages,491,Cardiovascular diseases,1,Number,2021,21304.357571283188,25890.464379973826,17439.42866170241
1,Deaths,82,Greece,3,Both,22,All ages,491,Cardiovascular diseases,1,Number,2021,48078.67661798197,51369.60491023943,41493.45751370235
1,Deaths,49,North Macedonia,3,Both,22,All ages,491,Cardiovascular diseases,1,Number,2021,13287.500818675317,15252.068128019218,11414.12509523273
1,Deaths,142,Iran (Islamic Republic of),3,Both,22,All ages,491,Cardiovascular diseases,1,Number,2021,169551.61159278578,181374.38786588982,154182.7907726294
1,Deaths,30,Vanuatu,3,Both,22,All ages,491,Cardiovascular diseases,1,Number,2021,813.1794085583213,960.2274658424315,689.2742907845808
1,Deaths,38,Mongolia,3,Both,22,All ages,491,Cardiovascular diseases,1,Number,2021,6904.056931767894,7651.801532186166,6143.388320218517
1,Deaths,139,Algeria,3,Both,22,All ages,491,Cardiovascular diseases,1,Number,2021,97620.79387297988,113257.67257287649,82851.25527096823
1,Deaths,74,Andorra,3,Both,22,All ages,491,Cardiovascular diseases,1,Number,2021,156.33533136811775,200.67610126770708,112.6407729974493
1,Deaths,169,Central African Republic,3,Both,22,All ages,491,Cardiovascular diseases,1,Number,2021,7617.493538595215,9752.61729921351,5818.8460655515355
1,Deaths,172,Equatorial Guinea,3,Both,22,All ages,491,Cardiovascular diseases,1,Number,2021,1281.729985245413,1763.0869674145279,885.3857004568071
1,Deaths,41,Uzbekistan,3,Both,22,All ages,491,Cardiovascular diseases,1,Number,2021,97394.11537274523,111228.1963382216,84184.29577650061
1,Deaths,107,Barbados,3,Both,22,All ages,491,Cardiovascular diseases,1,Number,2021,932.8247067652165,1107.8340454723557,768.1895082996386
1,Deaths,27,Samoa,3,Both,22,All ages,491,Cardiovascular diseases,1,Number,2021,550.3569029337009,655.004288462106,469.8352711169489
1,Deaths,115,Jamaica,3,Both,22,All ages,491,Cardiovascular diseases,1,Number,2021,6392.698088019294,8001.422709526416,5044.377058479289
1,Deaths,161,Bangladesh,3,Both,22,All ages,491,Cardiovascular diseases,1,Number,2021,377154.91714288585,455882.27440876124,306432.528744349
1,Deaths,81,Germany,3,Both,22,All ages,491,Cardiovascular diseases,1,Number,2021,318955.7881327414,346024.916591896,266663.2217573103
1,Deaths,393,Saint Kitts and Nevis,3,Both,22,All ages,491,Cardiovascular diseases,1,Number,2021,150.25134892371204,169.58000833977272,128.40455201403933
1,Deaths,11,Indonesia,3,Both,22,All ages,491,Cardiovascular diseases,1,Number,2021,765623.7730321438,870947.8471808054,642503.0785459105
1,Deaths,48,Hungary,3,Both,22,All ages,491,Cardiovascular diseases,1,Number,2021,57956.094675022876,63610.36685792845,51345.362558560766
1,Deaths,89,Netherlands,3,Both,22,All ages,491,Cardiovascular diseases,1,Number,2021,40433.34016662227,43678.21169662042,33982.77696246654
1,Deaths,147,Libya,3,Both,22,All ages,491,Cardiovascular diseases,1,Number,2021,14046.054766127672,17856.83898096513,11182.484926657406
1,Deaths,141,Egypt,3,Both,22,All ages,491,Cardiovascular diseases,1,Number,2021,275636.7244664012,323841.6180214773,233266.95992493132
1,Deaths,10,Cambodia,3,Both,22,All ages,491,Cardiovascular diseases,1,Number,2021,33252.64775412757,39796.5889228355,26799.13601860938
1,Deaths,207,Ghana,3,Both,22,All ages,491,Cardiovascular diseases,1,Number,2021,48147.82589159013,58667.35602344623,38466.267084727035
1,Deaths,123,Peru,3,Both,22,All ages,491,Cardiovascular diseases,1,Number,2021,30200.61000301223,37326.36972453394,23953.81993695783
1,Deaths,367,Monaco,3,Both,22,All ages,491,Cardiovascular diseases,1,Number,2021,149.7273593118569,181.39925852799115,117.98459400657853
1,Deaths,59,Latvia,3,Both,22,All ages,491,Cardiovascular diseases,1,Number,2021,14910.129669507112,16325.17522367112,13039.654582727399
1,Deaths,140,Bahrain,3,Both,22,All ages,491,Cardiovascular diseases,1,Number,2021,1396.3458837231528,1613.6758945425495,1198.3043835691196
1,Deaths,208,Guinea,3,Both,22,All ages,491,Cardiovascular diseases,1,Number,2021,16614.649552117353,20907.949449973323,13256.587972961956
1,Deaths,175,Burundi,3,Both,22,All ages,491,Cardiovascular diseases,1,Number,2021,11262.312213739762,13951.124430607006,9033.156597441079
1,Deaths,113,Guyana,3,Both,22,All ages,491,Cardiovascular diseases,1,Number,2021,2125.9405679680867,2641.2046970774504,1698.1100364065337
1,Deaths,66,Brunei Darussalam,3,Both,22,All ages,491,Cardiovascular diseases,1,Number,2021,495.8050550908018,556.4909893763933,439.86633795594935
1,Deaths,24,Marshall Islands,3,Both,22,All ages,491,Cardiovascular diseases,1,Number,2021,158.9400714354693,199.0828070014242,124.10532632446798
1,Deaths,127,El Salvador,3,Both,22,All ages,491,Cardiovascular diseases,1,Number,2021,9638.872014085195,11482.420411683548,7897.945138767979
1,Deaths,155,Türkiye,3,Both,22,All ages,491,Cardiovascular diseases,1,Number,2021,205716.19009269474,241156.30906307756,171394.8271627971
1,Deaths,189,United Republic of Tanzania,3,Both,22,All ages,491,Cardiovascular diseases,1,Number,2021,56903.87060787642,70923.19834120425,46687.769605019996
1,Deaths,92,Spain,3,Both,22,All ages,491,Cardiovascular diseases,1,Number,2021,115259.18294158527,126200.32167010696,96017.6054465184
1,Deaths,422,United States Virgin Islands,3,Both,22,All ages,491,Cardiovascular diseases,1,Number,2021,295.24239622666255,355.58769638694844,241.29193496292106
1,Deaths,109,Cuba,3,Both,22,All ages,491,Cardiovascular diseases,1,Number,2021,41275.931570723944,46361.53842075411,36316.1707225864
1,Deaths,126,Costa Rica,3,Both,22,All ages,491,Cardiovascular diseases,1,Number,2021,6128.33741204836,6800.311917394088,5327.267002728476
1,Deaths,93,Sweden,3,Both,22,All ages,491,Cardiovascular diseases,1,Number,2021,29621.137346827214,33186.32013126786,24240.360705084833
1,Deaths,206,Gambia,3,Both,22,All ages,491,Cardiovascular diseases,1,Number,2021,3228.8305247641256,3899.3269523045783,2514.2670386082914
1,Deaths,380,Palau,3,Both,22,All ages,491,Cardiovascular diseases,1,Number,2021,72.10312657840218,87.19557930988557,58.45532559925511
1,Deaths,94,Switzerland,3,Both,22,All ages,491,Cardiovascular diseases,1,Number,2021,20292.493237942548,22385.88439617843,16253.159586404081
1,Deaths,212,Mauritania,3,Both,22,All ages,491,Cardiovascular diseases,1,Number,2021,5698.4880771089165,7186.395018154879,4485.217183297949
1,Deaths,145,Kuwait,3,Both,22,All ages,491,Cardiovascular diseases,1,Number,2021,4200.860414285496,5003.949799744339,3459.781090043153
1,Deaths,90,Norway,3,Both,22,All ages,491,Cardiovascular diseases,1,Number,2021,10903.951470146434,11807.258487285306,9108.209697061251
1,Deaths,173,Gabon,3,Both,22,All ages,491,Cardiovascular diseases,1,Number,2021,2778.2344796383395,3436.8733606916167,2130.249134463401
1,Deaths,385,Puerto Rico,3,Both,22,All ages,491,Cardiovascular diseases,1,Number,2021,8162.028286880732,9448.43452193737,6749.613516774056
1,Deaths,28,Solomon Islands,3,Both,22,All ages,491,Cardiovascular diseases,1,Number,2021,1590.526284137767,2020.1059121481806,1294.74589768211
1,Deaths,131,Nicaragua,3,Both,22,All ages,491,Cardiovascular diseases,1,Number,2021,5684.304035884449,6644.972634738394,4849.23761190347
1,Deaths,125,Colombia,3,Both,22,All ages,491,Cardiovascular diseases,1,Number,2021,74741.0881250971,87263.87135721874,62922.78902687925
1,Deaths,111,Dominican Republic,3,Both,22,All ages,491,Cardiovascular diseases,1,Number,2021,24505.996968272517,30216.724281555013,19934.318114005262
1,Deaths,180,Kenya,3,Both,22,All ages,491,Cardiovascular diseases,1,Number,2021,37887.857608800885,45849.32929231341,30615.362509190596
1,Deaths,60,Lithuania,3,Both,22,All ages,491,Cardiovascular diseases,1,Number,2021,20226.1337216097,22154.372408647807,17797.325898746076
1,Deaths,146,Lebanon,3,Both,22,All ages,491,Cardiovascular diseases,1,Number,2021,10853.715569033364,12672.595054557436,9204.686159535504
1,Deaths,522,Sudan,3,Both,22,All ages,491,Cardiovascular diseases,1,Number,2021,74478.32045962871,96379.75648640233,59328.00485784209
1,Deaths,160,Afghanistan,3,Both,22,All ages,491,Cardiovascular diseases,1,Number,2021,47547.75177915278,57692.63701809918,38111.5468131207
1,Deaths,193,Botswana,3,Both,22,All ages,491,Cardiovascular diseases,1,Number,2021,2889.813606370894,3545.0595777514336,2382.6854624914567
1,Deaths,79,Finland,3,Both,22,All ages,491,Cardiovascular diseases,1,Number,2021,22546.26267561842,24563.49397351797,18633.79520989394
1,Deaths,75,Austria,3,Both,22,All ages,491,Cardiovascular diseases,1,Number,2021,29283.07859085552,31674.083724038457,24559.673423269054
1,Deaths,194,Lesotho,3,Both,22,All ages,491,Cardiovascular diseases,1,Number,2021,3651.0361181404496,4540.801456925476,2799.4655762090206
1,Deaths,157,Yemen,3,Both,22,All ages,491,Cardiovascular diseases,1,Number,2021,59143.53503652691,75127.48830342434,46693.04590394516
1,Deaths,46,Croatia,3,Both,22,All ages,491,Cardiovascular diseases,1,Number,2021,23388.249089845624,25528.954925175505,20684.841558847278
1,Deaths,416,Tuvalu,3,Both,22,All ages,491,Cardiovascular diseases,1,Number,2021,45.764176387184385,53.49965655434877,39.489934002043874
1,Deaths,112,Grenada,3,Both,22,All ages,491,Cardiovascular diseases,1,Number,2021,256.4227341556602,283.53498558486035,224.78094905347325
1,Deaths,12,Lao People's Democratic Republic,3,Both,22,All ages,491,Cardiovascular diseases,1,Number,2021,15701.233909277682,19075.457181360667,12543.947518752435
1,Deaths,413,Tokelau,3,Both,22,All ages,491,Cardiovascular diseases,1,Number,2021,5.644967003280505,6.755559856620029,4.5960845659965655
1,Deaths,190,Uganda,3,Both,22,All ages,491,Cardiovascular diseases,1,Number,2021,27118.14112843024,34133.62850936967,21421.56518165475
1,Deaths,33,Armenia,3,Both,22,All ages,491,Cardiovascular diseases,1,Number,2021,13532.769003206116,14980.541204450492,12030.064810418307
1,Deaths,197,Eswatini,3,Both,22,All ages,491,Cardiovascular diseases,1,Number,2021,1611.2938231079845,2144.357654493241,1181.361317564117
1,Deaths,177,Djibouti,3,Both,22,All ages,491,Cardiovascular diseases,1,Number,2021,1308.4746187839369,1732.8314686128251,981.630544541015
1,Deaths,164,Nepal,3,Both,22,All ages,491,Cardiovascular diseases,1,Number,2021,55698.53399122362,67959.43210871797,45932.75350374018
1,Deaths,163,India,3,Both,22,All ages,491,Cardiovascular diseases,1,Number,2021,2872700.7484284504,3147150.102913963,2618478.7427080525
1,Deaths,209,Guinea-Bissau,3,Both,22,All ages,491,Cardiovascular diseases,1,Number,2021,2729.1664786866127,3241.631437186868,2162.2060889547884
1,Deaths,97,Argentina,3,Both,22,All ages,491,Cardiovascular diseases,1,Number,2021,87387.82729194524,92077.94276039666,80098.82738209156
1,Deaths,98,Chile,3,Both,22,All ages,491,Cardiovascular diseases,1,Number,2021,27156.376985189694,28701.872149153056,24453.169950643107
1,Deaths,305,Bermuda,3,Both,22,All ages,491,Cardiovascular diseases,1,Number,2021,210.51412772017852,252.8029676457553,179.26786730367212
1,Deaths,130,Mexico,3,Both,22,All ages,491,Cardiovascular diseases,1,Number,2021,189708.90733484292,210496.9117530224,168328.4653045043
1,Deaths,176,Comoros,3,Both,22,All ages,491,Cardiovascular diseases,1,Number,2021,1018.0211670655023,1279.7118973215545,806.4061683533675
1,Deaths,13,Malaysia,3,Both,22,All ages,491,Cardiovascular diseases,1,Number,2021,66763.48447651298,70189.40606041579,62402.46483052256
1,Deaths,50,Montenegro,3,Both,22,All ages,491,Cardiovascular diseases,1,Number,2021,4325.966646056534,4758.762799671243,3916.0043409130853
1,Deaths,144,Jordan,3,Both,22,All ages,491,Cardiovascular diseases,1,Number,2021,11653.603208225306,14134.53580125674,9554.236640846766
1,Deaths,15,Myanmar,3,Both,22,All ages,491,Cardiovascular diseases,1,Number,2021,152009.860456484,184683.83801943957,126315.12937187946
1,Deaths,128,Guatemala,3,Both,22,All ages,491,Cardiovascular diseases,1,Number,2021,14507.728085874616,16417.702523440552,12641.347920230939
1,Deaths,178,Eritrea,3,Both,22,All ages,491,Cardiovascular diseases,1,Number,2021,7024.7807891165285,8952.897756499093,5456.328192730236
1,Deaths,47,Czechia,3,Both,22,All ages,491,Cardiovascular diseases,1,Number,2021,46784.463549657376,51433.28985782339,41203.15235557236
1,Deaths,91,Portugal,3,Both,22,All ages,491,Cardiovascular diseases,1,Number,2021,32673.494664882153,35501.806894842055,27704.845596289615
1,Deaths,114,Haiti,3,Both,22,All ages,491,Cardiovascular diseases,1,Number,2021,27802.233059195012,36177.19146444436,21007.371312107196
1,Deaths,211,Mali,3,Both,22,All ages,491,Cardiovascular diseases,1,Number,2021,17753.43163268798,21483.125995521536,14451.223162842687
1,Deaths,213,Niger,3,Both,22,All ages,491,Cardiovascular diseases,1,Number,2021,17566.280327973585,22512.558605482747,13438.753272777729
1,Deaths,63,Ukraine,3,Both,22,All ages,491,Cardiovascular diseases,1,Number,2021,410992.6591343914,502638.35018555826,324494.96417307295
1,Deaths,195,Namibia,3,Both,22,All ages,491,Cardiovascular diseases,1,Number,2021,3751.3139507687815,4635.015942855835,2958.741243919853
1,Deaths,95,United Kingdom,3,Both,22,All ages,491,Cardiovascular diseases,1,Number,2021,159698.877384714,169446.22092318506,139719.75933578075
1,Deaths,14,Maldives,3,Both,22,All ages,491,Cardiovascular diseases,1,Number,2021,513.4062977152217,599.5939540763422,426.7391838161985
1,Deaths,143,Iraq,3,Both,22,All ages,491,Cardiovascular diseases,1,Number,2021,87539.29476201486,103034.28802657839,69350.6538241852
1,Deaths,80,France,3,Both,22,All ages,491,Cardiovascular diseases,1,Number,2021,152693.17948804196,166254.11761524584,127257.05103996514
1,Deaths,129,Honduras,3,Both,22,All ages,491,Cardiovascular diseases,1,Number,2021,17448.00590693385,20613.67638776348,15278.30841342975
1,Deaths,179,Ethiopia,3,Both,22,All ages,491,Cardiovascular diseases,1,Number,2021,69059.83057179785,79918.21004346367,59521.538297679974
1,Deaths,162,Bhutan,3,Both,22,All ages,491,Cardiovascular diseases,1,Number,2021,1302.0130654822776,1560.9822098259901,1058.056376278779
1,Deaths,214,Nigeria,3,Both,22,All ages,491,Cardiovascular diseases,1,Number,2021,190958.67609056225,231316.9403903706,157645.04688458203
1,Deaths,16,Philippines,3,Both,22,All ages,491,Cardiovascular diseases,1,Number,2021,225912.34593503733,261694.2194405602,193064.44594872446
1,Deaths,148,Morocco,3,Both,22,All ages,491,Cardiovascular diseases,1,Number,2021,134900.4708737884,151708.84897433763,109000.56143553654
1,Deaths,17,Sri Lanka,3,Both,22,All ages,491,Cardiovascular diseases,1,Number,2021,54780.581122574884,71702.25285901352,38561.64091904668
